,OTU,Sample,Abundance,Scientifique,Region,Kingdom,Phylum,Class,Order,Family,Genus,Sequence
18,ASV1,1-M,0.617173524,Abigail A. Salyers,Paume de la main dominante,Bacteria,Firmicutes,Bacilli,Lactobacillales,Streptococcaceae,Streptococcus,GGTAGTCCACGCCGTAAACGATGAGTGCTAGGTGTTAGACCCTTTCCGGGGTTTAGTGCCGTAGCTAACGCATTAAGCACTCCGCCTGGGGAGTACGACCGCAAGGTTGAAACTCAAAGGAATTGACGGGGGCCCGCACAAGCGGTGGAGCATGTGGTTTAATTCGAAGCAACGCGAAGAACCTTACCAGGTCTTGACATCCCTCTGACCGCTCTAGAGATAGAGCTTTCCTTCGGGACAGAGGTGACAGGTGGTGCATGGTTGTCGTCAGCTCGTGTCGTGAGATGTTGGGTTAAG
494,ASV12,1-M,0.02862254,Abigail A. Salyers,Paume de la main dominante,Bacteria,Patescibacteria,Saccharimonadia,Saccharimonadales,Saccharimonadaceae,TM7x,GGTAGTCCACGCCGTAAACGATGGATACTAGCTGTTGGAGGTATCGACCCCTTCAGTAGCGAAGCTAACGCGTTAAGTATCCCGCCTGTGGAGTACGGCCGCAAGGCTAAAACATAAAGGAATTGACGGGGACCCGCACAAGCGGTGGATTATGTTCTTTAATTCGATGATAACCGAAGAACCTTACCAGGGCTTGACATCCAGGGAAGGTCTGCGAAAGTAGACTGTGCCTTTTGGAACCCTGTGACAGGTGATGCATGGCCGTCGTCAGCTCGTGTCGTGAGATGTTAGGTTAAG
599,ASV123,1-M,0.001788909,Abigail A. Salyers,Paume de la main dominante,Bacteria,Firmicutes,Clostridia,Peptostreptococcales-Tissierellales,Family XI,Autres,GGTAGTCCACGCCGTAAACGATGAATGCTAGGTGTTGGGGGTCAAACCTCGGTGCCGAAGTTAACACATTAAGCATTCCGCCTGGGGAGTACGCACGCAAGTGTGAAACTCAAAGGAATTGACGGGGACCCGCACAAGCAGCGGAGCATGTGGTTTAATTCGATGCAACGCGAAGAACCTTACCAGGGCTTGACATGTGGGTGAAAGGTATAGAGATATACCCCTCTCTTTATGAGACATCCATACAGGTGGTGCATGGTTGTCGTCAGCTCGTGTCGTGAGATGTTGGGTTAAG
607,ASV124,1-M,0.003577818,Abigail A. Salyers,Paume de la main dominante,Bacteria,Actinobacteriota,Actinobacteria,Corynebacteriales,Corynebacteriaceae,Autres,GGTAGTCCATGCCGTAAACGGTGGGCGCTAGGTGTAGGGGGCTTCCACGTCTTCTGTGCCGTAGCTAACGCATTAAGCGCCCCGCCTGGGGAGTACGGCCGCAAGGCTAAAACTCAAAGGAATTGACGGGGGCCCGCACAAGCGGCGGAGCATGTGGATTAATTCGATGCAACGCGAAGAACCTTACCTGGGCTTGACATACACCAGATTGCTGCAGAGATGTAGTGTCCCTTGTGGTTGGTGTACAGGTGGTGCATGGTTGTCGTCAGCTCGTGTCGTGAGATGTTGGGTTAAG
852,ASV14,1-M,0.016994633,Abigail A. Salyers,Paume de la main dominante,Bacteria,Actinobacteriota,Actinobacteria,Micrococcales,Micrococcaceae,Kocuria,GGTAGTCCATGCCGTAAACGTTGGGCACTAGGTGTGGGGAACATTCCACGTTTTCCGCGCCGTAGCTAACGCATTAAGTGCCCCGCCTGGGGAGTACGGCCGCAAGGCTAAAACTCAAAGGAATTGACGGGGGCCCGCACAAGCGGCGGAGCATGCGGATTAATTCGATGCAACGCGAAGAACCTTACCAAGGCTTGACATACACCGGACCGGGCCAGAGATGGTCTTTCCCCCTTGTGGGGCTGGTGTACAGGTGGTGCATGGTTGTCGTCAGCTCGTGTCGTGAGATGTTGGGTTAAG
1472,ASV16,1-M,0.000894454,Abigail A. Salyers,Paume de la main dominante,Bacteria,Proteobacteria,Gammaproteobacteria,Pseudomonadales,Moraxellaceae,Autres,GGTAGTCCATGCCGTAAACGATGTCTACTAGCCGTTGGGGCCTTTGAGGCTTTAGTGGCGCAGCTAACGCGATAAGTAGACCGCCTGGGGAGTACGGTCGCAAGACTAAAACTCAAATGAATTGACGGGGGCCCGCACAAGCGGTGGAGCATGTGGTTTAATTCGATGCAACGCGAAGAACCTTACCTGGTCTTGACATAGTAAGAACTTTCCAGAGATGGATTGGTGCCTTCGGGAACTTACATACAGGTGCTGCATGGCTGTCGTCAGCTCGTGTCGTGAGATGTTGGGTTAAG
1733,ASV18,1-M,0.013416816,Abigail A. Salyers,Paume de la main dominante,Bacteria,Deinococcota,Deinococci,Deinococcales,Deinococcaceae,Deinococcus,GGTAGTCCACACCCTAAACGATGTACGTTGGTCTAGCGCAGGATGCTGTGTTGGACGAAGCTAACGCGATAAACGTACCGCCTGGGAAGTACGGCCGCAAGGTTGAAACTCAAAGGAATTGACGGGGGCCCGCACAAGCGGTGGAGCATGTGGTTTAATTCGAAGCAACGCGAAGAACCTTACCAGACCTTGACATCTACAGAACGCCGCGGAAGCGCGGCGGTGCCCTTCGGGGAACTGTAAGACAGGTGCTGCATGGCTGTCGTCAGCTCGTGTCGTGAGATGTTGGGTTAAG
2250,ASV2,1-M,0.013416816,Abigail A. Salyers,Paume de la main dominante,Bacteria,Patescibacteria,Saccharimonadia,Saccharimonadales,Unclassified_Saccharimonadales,Unclassified_Saccharimonadales,GGTAGTCCACGCCGTAAACGATGGATACTAGCTGTTTGGGGTATCGACCCCCTGAGTAGCGAAGCTAACGCGTTAAGTATCCCGCCTGTGGAGTACGATCGCAAGATTAAAACATAAAGGAATTGACGGGGACCCGCACAAGCGGTGGATCATGTTCTTTAATTCGATGATAACCGATAAACCTTACCAGGTCTTGACATCCTTGGAATCTTTCAGAAATGAGAGAGTGCTTTTTAAGAGCCAAGTGACAGGTGATGCATGGCCGTCGTCAGCTCGTGTCGTGAGATGTTTGGTTAAG
2627,ASV22,1-M,0.004472272,Abigail A. Salyers,Paume de la main dominante,Bacteria,Firmicutes,Bacilli,Lactobacillales,Carnobacteriaceae,Granulicatella,GGTAGTCCACGCCGTAAACGATGAGTGCTAAGTGTTGGAGGGTTTCCGCCCTTCAGTGCTGCAGTTAACGCATTAAGCACTCCGCCTGGGGAGTACGACCGCAAGGTTGAAACTCAAAGGAATTGACGGGGACCCGCACAAGCGGTGGAGCATGTGGTTTAATTCGAAGCAACGCGAAGAACCTTACCAAGTCTTGACATCCTTTGACCACTCTAGAGATAGAGCTTTCCCTTCGGGGACAAAGTGACAGGTGGTGCATGGTTGTCGTCAGCTCGTGTCGTGAGATGTTGGGTTAAG
2811,ASV226,1-M,0.000894454,Abigail A. Salyers,Paume de la main dominante,Bacteria,Bacteroidota,Bacteroidia,Sphingobacteriales,Sphingobacteriaceae,Autres,GGTAGTCCACGCCCTAAACGATGATAACTCGATGTTGGCGATAGACAGCCAGCGTCCCAGCGAAAGCGTTAAGTTATCCACCTGGGGAGTACGCCCGCAAGGGTGAAACTCAAAGGAATTGACGGGGGCCCGCACAAGCGGAGGAGCATGTGGTTTAATTCGATGATACGCGAGGAACCTTACCCGGGCTTGAAAGTTAGTGAAGAGTGCAGAGACGCACTCGTCCTTCGGGACACGAAACTAGGTGCTGCATGGCTGTCGTCAGCTCGTGCCGTGAGGTGTTGGGTTAAG
3434,ASV270,1-M,0.001788909,Abigail A. Salyers,Paume de la main dominante,Bacteria,Actinobacteriota,Actinobacteria,Micrococcales,Micrococcaceae,Autres,GTAGTCCATGCCGTAAACGTTGGGCACTAGGTGTGGGGGACATTCCACGTTTTCCGCGCCGTAGCTAACGCATTAAGTGCCCCGCCTGGGGAGTACGGCCGCAAGGCTAAAACTCAAAGAAATTGACGGGGGCCCGCACAAGCGGCGGAGCATGCGGATTAATTCGATGCAACGCGAAGAACCTTACCAAGGCTTGACATATACTGGACCGCATCAGAGATGGTGTTTCCCTTCGGGGCTGGTATACAGGTGGTGCATGGTTGTCGTCAGCTCGTGTCGTGAGATGTTGGGTTAAG
3595,ASV29,1-M,0.032200358,Abigail A. Salyers,Paume de la main dominante,Bacteria,Actinobacteriota,Actinobacteria,Actinomycetales,Actinomycetaceae,Actinomyces,GGTAGTCCACGCCGTAAACGTTGGGCACTAGGTGTGGGGGGCCTTTTCCGGGTCTTCCGCGCCGTAGCTAACGCATTAAGTGCCCCGCCTGGGGAGTACGGCCGCAAGGCTAAAACTCAAAGGAATTGACGGGGGCCCGCACAAGCGGCGGAGCATGCGGATTAATTCGATGCAACGCGAAGAACCTTACCAAGGCTTGACATGTGCCGGTCGGCTCCGGAGACGGGGTTTCCTCCTTGTGGGGCCGGTTCACAGGTGGTGCATGGTTGTCGTCAGCTCGTGTCGTGAGATGTTGGGTTAAG
3810,ASV30,1-M,0.003577818,Abigail A. Salyers,Paume de la main dominante,Bacteria,Proteobacteria,Gammaproteobacteria,Enterobacterales,Pasteurellaceae,Autres,GGTAGTCCACGCTGTAAACGCTGTCGATTTGGGGATTGGGCTTAAAGCTTGGTGCCCGTAGCTAACGTGATAAATCGACCGCCTGGGGAGTACGGCCGCAAGGTTAAAACTCAAATGAATTGACGGGGGCCCGCACAAGCGGTGGAGCATGTGGTTTAATTCGATGCAACGCGAAGAACCTTACCTACTCTTGACATCCAGAGAACTTTCCAGAGATGGATTGGTGCCTTCGGGAACTCTGAGACAGGTGCTGCATGGCTGTCGTCAGCTCGTGTTGTGAAATGTTGGGTTAAG
4306,ASV33,1-M,0.010733453,Abigail A. Salyers,Paume de la main dominante,Bacteria,Actinobacteriota,Actinobacteria,Corynebacteriales,Corynebacteriaceae,Corynebacterium,GGTAGTCCATGCCGTAAACGGTGGGCGCTAGGTGTGAGTCCCTTCCACGGGGTTCGTGCCGTAGCTAACGCATTAAGCGCCCCGCCTGGGGAGTACGGCCGCAAGGCTAAAACTCAAAGGAATTGACGGGGGCCCGCACAAGCGGCGGAGCATGTGGATTAATTCGATGCAACGCGAAGAACCTTACCTGGGCTTGACATACACCGGATCGCTGCAGAGATGTAGTTTCCCTTGTGGCTGGTGTACAGGTGGTGCATGGTTGTCGTCAGCTCGTGTCGTGAGATGTTGGGTTAAG
4526,ASV35,1-M,0.004472272,Abigail A. Salyers,Paume de la main dominante,Bacteria,Proteobacteria,Gammaproteobacteria,Burkholderiales,Neisseriaceae,Autres,GGTAGTCCACGCCCTAAACGATGTCAATTAGCTGTTGGGCAACTTGATTGCTTAGTAGCGTAGCTAACGCGTGAAATTGACCGCCTGGGGAGTACGGTCGCAAGATTAAAACTCAAAGGAATTGACGGGGACCCGCACAAGCGGTGGATGATGTGGATTAATTCGATGCAACGCGAAGAACCTTACCTGGTCTTGACATGTACGGAATCCTCCAGAGACGGAGGAGTGCCTTCGGGAGCCGTAACACAGGTGCTGCATGGCTGTCGTCAGCTCGTGTCGTGAGATGTTGGGTTAAG
4962,ASV38,1-M,0.003577818,Abigail A. Salyers,Paume de la main dominante,Bacteria,Patescibacteria,Saccharimonadia,Saccharimonadales,Saccharimonadaceae,Autres,GGTAGTCCACGCCGTAAACGATGGATACTGGCTGTTGGAGGTATCGACCCCTTCAGTAGCGAAGCTAACGCGTTAAGTATCCCGCCTGTGGAGTACGGTCGCAAGACTAAAACATAAAGGAATTGACGGGGACCCGCACAAGCGGTGGATCGTGTTCTTTAATTCGATGCTAAACGAAGAACCTTACCAGGGCTTGACATCCAGGGAATTTTTGGGAAACCAATTAGTGCCTTTTGGAACCCTGTGACAGGTGATGCATGGCCGTCGTCAGCTCGTGTCGTGAGATGTTTGGTTAAG
5925,ASV407,1-M,0.003577818,Abigail A. Salyers,Paume de la main dominante,Bacteria,Proteobacteria,Gammaproteobacteria,Burkholderiales,Comamonadaceae,Autres,GGTAGTCCACGCCCTAAACGATGTCAACTGGTTGTTGGGTCTTCACTGACTCAGTAACGAAGCTAACGCGTGAAGTTGACCGCCTGGGGAGTACGGCCGCAAGGTTGAAACTCAAAGGAATTGACGGGGACCCGCACAAGCGGTGGATGATGTGGTTTAATTCGATGCAACGCGAAAAACCTTACCCACCTTTGACATGTACGGAATTTACCAGAGATGGTTTAGTGCTCGAAAGAGAACCGTAACACAGGTGCTGCATGGCTGTCGTCAGCTCGTGTCGTGAGATGTTGGGTTAAG
6483,ASV45,1-M,0.001788909,Abigail A. Salyers,Paume de la main dominante,Bacteria,Proteobacteria,Gammaproteobacteria,Pseudomonadales,Moraxellaceae,Autres,GGTAGTCCACGCCGTAAACGATGTCTACTAGCCGTTGGGGTCCTTGAGACTTTAGTGGCGCAGTTAACGCGATAAGTAGACCGCCTGGGGAGTACGGCCGCAAGGTTAAAACTCAAATGAATTGACGGGGGCCCGCACAAGCGGTGGAGCATGTGGTTTAATTCGATGCAACGCGAAGAACCTTACCTGGTCTTGACATAGTGAGAATCCTGCAGAGATGCGGGAGTGCCTTCGGGAATTCACATACAGGTGCTGCATGGCTGTCGTCAGCTCGTGTCGTGAGATGTTGGGTTAAG
6739,ASV455,1-M,0.000894454,Abigail A. Salyers,Paume de la main dominante,Bacteria,Actinobacteriota,Actinobacteria,Kineosporiales,Kineosporiaceae,Autres,GGTAGTCCACGCCGTAAACGTTGGGCGCTAGGTGTGGGTCCCATTCCACGGGGTCTGTGCCGCAGCTAACGCATTAAGCGCCCCGCCTGGGGAGTACGGCCGCAAGGCTAAAACTCAAAGGAATTGACGGGGCCCCGCACAAGCGGCGGAGCATGCGGATTAATTCGATGCAACGCGAAGAACCTTACCAAGGCTTGACATCCACGGTAATCCATCAGAGATGGTGGGTCCGCAAGGGATCGTGGACAGGTGGTGCATGGTTGTCGTCAGCTCGTGTCGTGAGATGTTGGGTTAAG
6978,ASV47,1-M,0.003577818,Abigail A. Salyers,Paume de la main dominante,Bacteria,Bacteroidota,Bacteroidia,Flavobacteriales,Weeksellaceae,Autres,GGTAGTCCACGCCGTAAACGATGCTAACTCGTTTTTGGATTTTCGGATTCAGAGACCAAGCGAAAGTGATAAGTTAGCCACCTGGGGAGTACGTCCGCAAGGATGAAACTCAAAGGAATTGACGGGGGCCCGCACAAGCGGTGGATTATGTGGTTTAATTCGATGATACGCGAGGAACCTTACCAAGACTTAAATGGGAATTGACAGGTCTAGAAATAGACCCTCCTTCGGGCAATTTCCAAGGTGCTGCATGGTTGTCGTCAGCTCGTGCCGTGAGGTGTTAGGTTAAG
7737,ASV5,1-M,0.204830054,Abigail A. Salyers,Paume de la main dominante,Bacteria,Actinobacteriota,Actinobacteria,Propionibacteriales,Propionibacteriaceae,Cutibacterium,GGTAGTCCACGCTGTAAACGGTGGGTACTAGGTGTGGGGTCCATTCCACGGGTTCCGTGCCGTAGCTAACGCTTTAAGTACCCCGCCTGGGGAGTACGGCCGCAAGGCTAAAACTCAAAGGAATTGACGGGGCCCCGCACAAGCGGCGGAGCATGCGGATTAATTCGATGCAACGCGTAGAACCTTACCTGGGTTTGACATGGATCGGGAGTGCTCAGAGATGGGTGTGCCTCTTTTGGGGTCGGTTCACAGGTGGTGCATGGCTGTCGTCAGCTCGTGTCGTGAGATGTTGGGTTAAG
7896,ASV503,1-M,0.002683363,Abigail A. Salyers,Paume de la main dominante,Bacteria,Proteobacteria,Alphaproteobacteria,Rhizobiales,Rhizobiaceae,Autres,GGTAGTCCACGCCGTAAACTATGAGAGCTAGCCGTCGGCAAGTTTACTTGTCGGTGGCGCAGCTAACGCATTAAGCTCTCCGCCTGGGGAGTACGGTCGCAAGATTAAAACTCAAAGGAATTGACGGGGGCCCGCACAAGCGGTGGAGCATGTGGTTTAATTCGAAGCAACGCGCAGAACCTTACCAGCCCTTGACATCCCGGTCGCGGTTTCCAGAGATGGATTCCTTCAGTTCGGCTGGACCGGTGACAGGTGCTGCATGGCTGTCGTCAGCTCGTGTCGTGAGATGTTGGGTTAAG
9993,ASV6,1-M,0.002683363,Abigail A. Salyers,Paume de la main dominante,Bacteria,Firmicutes,Bacilli,Staphylococcales,Gemellaceae,Autres,GGTAGTCCACGCCGTAAACGATGAGTGCTAAGTGTTGGTCTCATAAGAGATCAGTGCTGCAGCTAACGCATTAAGCACTCCGCCTGGGGAGTACGACCGCAAGGTTGAAACTCAAAGGAATTGACGGGGACCCGCACAAGCGGTGGAGCATGTGGTTTAATTCGAAGCAACGCGAAGAACCTTACCAAGTCTTGACATACTGTGAGGACACAAGAGATTGTGTTGTTCTGACCTTTGGTTAGACACAGATACAGGTGGTGCATGGTTGTCGTCAGCTCGTGTCGTGAGATGTTGGGTTAAG
10593,ASV64,1-M,0.019677996,Abigail A. Salyers,Paume de la main dominante,Bacteria,Actinobacteriota,Actinobacteria,Micrococcales,Dermabacteraceae,Brachybacterium,GGTAGTCCATGCCGTAAACGTTGGGCACTAGATGTGGGGAACATTCCACGTTTTCCGCGTCGTAGCTAACGCATTAAGTGCCCCGCCTGGGGAGTACGGCCGCAAGGCTAAAACTCAAAGGAATTGACGGGGGCCCGCACAAGCGGCGGAGCATGCGGATTAATTCGATGCAACGCGAAGAACCTTACCAAGGCTTGACATGCACCGGACGACTCCAGAGATGGGGTTTTCTTCGGACTGGTGCACAGGTGGTGCATGGTTGTCGTCAGCTCGTGTCGTGAGATGTTGGGTTAAG
11122,ASV91,1-M,0.000894454,Abigail A. Salyers,Paume de la main dominante,Bacteria,Proteobacteria,Gammaproteobacteria,Burkholderiales,Burkholderiaceae,Autres,GGTAGTCCACGCCCTAAACGATGTCTACTAGTTGTCGGGGATTAATTTCCTTGGTAACGCAGCTAACGCGTGAAGTAGACCGCCTGGGGAGTACGGTCGCAAGATTAAAACTCAAAGGAATTGACGGGGACCCGCACAAGCGGTGGATGATGTGGATTAATTCGATGCAACGCGAAAAACCTTACCTACGCTTGACATGTCCGGAACCCTGAAGAGATTTGGGGGTGCTCGAAAGAGAGCCGGAACACAGGTGCTGCATGGCTGTCGTCAGCTCGTGTCGTGAGATGTTGGGTTAAG
11212,ASV98,1-M,0.001788909,Abigail A. Salyers,Paume de la main dominante,Bacteria,Actinobacteriota,Actinobacteria,Micrococcales,Micrococcaceae,Autres,GGTAGTCCATGCCGTAAACGTTGGGCACTAGGTGTGGGGGACATTCCACGTTTTCCGCGCCGTAGCTAACGCATTAAGTGCCCCGCCTGGGGAGTACGGCCGCAAGGCTAAAACTCAAAGGAATTGACGGGGGCCCGCACAAGCGGCGGAGCATGCGGATTAATTCGATGCAACGCGAAGAACCTTACCAAGGCTTGACATGAACCGGAATGATGCAGAGATGTGTCAGCCACTTGTGGCCGGTTTACAGGTGGTGCATGGTTGTCGTCAGCTCGTGTCGTGAGATGTTGGGTTAAG
64,ASV1,1-L,0.22450805,Abigail A. Salyers,Sous la langue,Bacteria,Firmicutes,Bacilli,Lactobacillales,Streptococcaceae,Streptococcus,GGTAGTCCACGCCGTAAACGATGAGTGCTAGGTGTTAGACCCTTTCCGGGGTTTAGTGCCGTAGCTAACGCATTAAGCACTCCGCCTGGGGAGTACGACCGCAAGGTTGAAACTCAAAGGAATTGACGGGGGCCCGCACAAGCGGTGGAGCATGTGGTTTAATTCGAAGCAACGCGAAGAACCTTACCAGGTCTTGACATCCCTCTGACCGCTCTAGAGATAGAGCTTTCCTTCGGGACAGAGGTGACAGGTGGTGCATGGTTGTCGTCAGCTCGTGTCGTGAGATGTTGGGTTAAG
533,ASV12,1-L,0.506261181,Abigail A. Salyers,Sous la langue,Bacteria,Patescibacteria,Saccharimonadia,Saccharimonadales,Saccharimonadaceae,TM7x,GGTAGTCCACGCCGTAAACGATGGATACTAGCTGTTGGAGGTATCGACCCCTTCAGTAGCGAAGCTAACGCGTTAAGTATCCCGCCTGTGGAGTACGGCCGCAAGGCTAAAACATAAAGGAATTGACGGGGACCCGCACAAGCGGTGGATTATGTTCTTTAATTCGATGATAACCGAAGAACCTTACCAGGGCTTGACATCCAGGGAAGGTCTGCGAAAGTAGACTGTGCCTTTTGGAACCCTGTGACAGGTGATGCATGGCCGTCGTCAGCTCGTGTCGTGAGATGTTAGGTTAAG
1075,ASV152,1-L,0.001788909,Abigail A. Salyers,Sous la langue,Bacteria,Fusobacteriota,Fusobacteriia,Fusobacteriales,Fusobacteriaceae,Autres,GGTAGTCCACGCCGTAAACGATGATTACTAGGTGTTGGGGGTCGAACCTCAGCGCCCAAGCAAACGCGATAAGTAATCCGCCTGGGGAGTACGTACGCAAGTATGAAACTCAAAGGAATTGACGGGGACCCGCACAAGCGGTGGAGCATGTGGTTTAATTCGACGCAACGCGAGGAACCTTACCAGCGTTTGACATCTTAGGAATGAGACAGAGATGTTTCAGTGTCCCTTCGGGGAAACCTAAAGACAGGTGGTGCATGGCTGTCGTCAGCTCGTGTCGTGAGATGTTGGGTTAAG
1961,ASV19,1-L,0.006261181,Abigail A. Salyers,Sous la langue,Bacteria,Proteobacteria,Gammaproteobacteria,Enterobacterales,Pasteurellaceae,Autres,GGTAGTCCACGCTGTAAACGATGTCGATTTGGGGATTGGGCTTTGAGCTTGGTGCCCGTAGCTAACGTGATAAATCGACCGCCTGGGGAGTACGGCCGCAAGGTTAAAACTCAAATGAATTGACGGGGGCCCGCACAAGCGGTGGAGCATGTGGTTTAATTCGATGCAACGCGAAGAACCTTACCTACTCTTGACATCCATGGAATCTTGTAGAGATACGAGAGTGCCTTCGGGAACCATGAGACAGGTGCTGCATGGCTGTCGTCAGCTCGTGTTGTGAAATGTTGGGTTAAG
2270,ASV2,1-L,0.013416816,Abigail A. Salyers,Sous la langue,Bacteria,Patescibacteria,Saccharimonadia,Saccharimonadales,Unclassified_Saccharimonadales,Unclassified_Saccharimonadales,GGTAGTCCACGCCGTAAACGATGGATACTAGCTGTTTGGGGTATCGACCCCCTGAGTAGCGAAGCTAACGCGTTAAGTATCCCGCCTGTGGAGTACGATCGCAAGATTAAAACATAAAGGAATTGACGGGGACCCGCACAAGCGGTGGATCATGTTCTTTAATTCGATGATAACCGATAAACCTTACCAGGTCTTGACATCCTTGGAATCTTTCAGAAATGAGAGAGTGCTTTTTAAGAGCCAAGTGACAGGTGATGCATGGCCGTCGTCAGCTCGTGTCGTGAGATGTTTGGTTAAG
2639,ASV22,1-L,0.004472272,Abigail A. Salyers,Sous la langue,Bacteria,Firmicutes,Bacilli,Lactobacillales,Carnobacteriaceae,Autres,GGTAGTCCACGCCGTAAACGATGAGTGCTAAGTGTTGGAGGGTTTCCGCCCTTCAGTGCTGCAGTTAACGCATTAAGCACTCCGCCTGGGGAGTACGACCGCAAGGTTGAAACTCAAAGGAATTGACGGGGACCCGCACAAGCGGTGGAGCATGTGGTTTAATTCGAAGCAACGCGAAGAACCTTACCAAGTCTTGACATCCTTTGACCACTCTAGAGATAGAGCTTTCCCTTCGGGGACAAAGTGACAGGTGGTGCATGGTTGTCGTCAGCTCGTGTCGTGAGATGTTGGGTTAAG
2924,ASV233,1-L,0.001788909,Abigail A. Salyers,Sous la langue,Bacteria,Fusobacteriota,Fusobacteriia,Fusobacteriales,Leptotrichiaceae,Autres,GGTAGTCCCGGCCGTAAACGATGATTACTGGGTGTGGGCAGGAAGACTGTCTGTGCCGAAGCGAATGCGATAAGTAATCCGCCTGGGGAGTACGGCCGCAAGGCTGAAACTCAAAGGAATTGACGGGGACCCGCACAAGCGGTGGAGCATGTGGTTTAATTCGACGCAACGCGAGGAACCTTACCAGATCTTGACATCCTACGAATGCCCATGAGGATGGGCAGTGCCTTCGGGAACGTAGAGACAGGTGGTGCATGGCTGTCGACAGCTCGTGTCGTGAGATGTTGGGTTAAG
3464,ASV270,1-L,0.008050089,Abigail A. Salyers,Sous la langue,Bacteria,Actinobacteriota,Actinobacteria,Micrococcales,Micrococcaceae,Rothia,GTAGTCCATGCCGTAAACGTTGGGCACTAGGTGTGGGGGACATTCCACGTTTTCCGCGCCGTAGCTAACGCATTAAGTGCCCCGCCTGGGGAGTACGGCCGCAAGGCTAAAACTCAAAGAAATTGACGGGGGCCCGCACAAGCGGCGGAGCATGCGGATTAATTCGATGCAACGCGAAGAACCTTACCAAGGCTTGACATATACTGGACCGCATCAGAGATGGTGTTTCCCTTCGGGGCTGGTATACAGGTGGTGCATGGTTGTCGTCAGCTCGTGTCGTGAGATGTTGGGTTAAG
3607,ASV29,1-L,0.133273703,Abigail A. Salyers,Sous la langue,Bacteria,Actinobacteriota,Actinobacteria,Actinomycetales,Actinomycetaceae,Actinomyces,GGTAGTCCACGCCGTAAACGTTGGGCACTAGGTGTGGGGGGCCTTTTCCGGGTCTTCCGCGCCGTAGCTAACGCATTAAGTGCCCCGCCTGGGGAGTACGGCCGCAAGGCTAAAACTCAAAGGAATTGACGGGGGCCCGCACAAGCGGCGGAGCATGCGGATTAATTCGATGCAACGCGAAGAACCTTACCAAGGCTTGACATGTGCCGGTCGGCTCCGGAGACGGGGTTTCCTCCTTGTGGGGCCGGTTCACAGGTGGTGCATGGTTGTCGTCAGCTCGTGTCGTGAGATGTTGGGTTAAG
3819,ASV30,1-L,0.006261181,Abigail A. Salyers,Sous la langue,Bacteria,Proteobacteria,Gammaproteobacteria,Enterobacterales,Pasteurellaceae,Autres,GGTAGTCCACGCTGTAAACGCTGTCGATTTGGGGATTGGGCTTAAAGCTTGGTGCCCGTAGCTAACGTGATAAATCGACCGCCTGGGGAGTACGGCCGCAAGGTTAAAACTCAAATGAATTGACGGGGGCCCGCACAAGCGGTGGAGCATGTGGTTTAATTCGATGCAACGCGAAGAACCTTACCTACTCTTGACATCCAGAGAACTTTCCAGAGATGGATTGGTGCCTTCGGGAACTCTGAGACAGGTGCTGCATGGCTGTCGTCAGCTCGTGTTGTGAAATGTTGGGTTAAG
4353,ASV33,1-L,0.008944544,Abigail A. Salyers,Sous la langue,Bacteria,Actinobacteriota,Actinobacteria,Corynebacteriales,Corynebacteriaceae,Corynebacterium,GGTAGTCCATGCCGTAAACGGTGGGCGCTAGGTGTGAGTCCCTTCCACGGGGTTCGTGCCGTAGCTAACGCATTAAGCGCCCCGCCTGGGGAGTACGGCCGCAAGGCTAAAACTCAAAGGAATTGACGGGGGCCCGCACAAGCGGCGGAGCATGTGGATTAATTCGATGCAACGCGAAGAACCTTACCTGGGCTTGACATACACCGGATCGCTGCAGAGATGTAGTTTCCCTTGTGGCTGGTGTACAGGTGGTGCATGGTTGTCGTCAGCTCGTGTCGTGAGATGTTGGGTTAAG
4524,ASV35,1-L,0.052772809,Abigail A. Salyers,Sous la langue,Bacteria,Proteobacteria,Gammaproteobacteria,Burkholderiales,Neisseriaceae,Neisseria,GGTAGTCCACGCCCTAAACGATGTCAATTAGCTGTTGGGCAACTTGATTGCTTAGTAGCGTAGCTAACGCGTGAAATTGACCGCCTGGGGAGTACGGTCGCAAGATTAAAACTCAAAGGAATTGACGGGGACCCGCACAAGCGGTGGATGATGTGGATTAATTCGATGCAACGCGAAGAACCTTACCTGGTCTTGACATGTACGGAATCCTCCAGAGACGGAGGAGTGCCTTCGGGAGCCGTAACACAGGTGCTGCATGGCTGTCGTCAGCTCGTGTCGTGAGATGTTGGGTTAAG
5016,ASV38,1-L,0.009838998,Abigail A. Salyers,Sous la langue,Bacteria,Patescibacteria,Saccharimonadia,Saccharimonadales,Saccharimonadaceae,Unclassified_Saccharimonadaceae,GGTAGTCCACGCCGTAAACGATGGATACTGGCTGTTGGAGGTATCGACCCCTTCAGTAGCGAAGCTAACGCGTTAAGTATCCCGCCTGTGGAGTACGGTCGCAAGACTAAAACATAAAGGAATTGACGGGGACCCGCACAAGCGGTGGATCGTGTTCTTTAATTCGATGCTAAACGAAGAACCTTACCAGGGCTTGACATCCAGGGAATTTTTGGGAAACCAATTAGTGCCTTTTGGAACCCTGTGACAGGTGATGCATGGCCGTCGTCAGCTCGTGTCGTGAGATGTTTGGTTAAG
6089,ASV42,1-L,0.005366726,Abigail A. Salyers,Sous la langue,Bacteria,Bacteroidota,Bacteroidia,Bacteroidales,Porphyromonadaceae,Autres,GGTAGTCCACGCAGTAAACGATGATAACTGGGCGTATGCGATATACAGTATGCTCCTAAGCGAAAGCGTTAAGTTATCCACCTGGGGAGTACGCCGGCAACGGTGAAACTCAAAGGAATTGACGGGGGCCCGCACAAGCGGAGGAACATGTGGTTTAATTCGATGATACGCGAGGAACCTTACCCGGGATTGAAATGTAGATGACAGGCGGTGAAAGCTGCTCTCCCTTCGGGGCATCTATGTAGGTGCTGCATGGTTGTCGTCAGCTCGTGCCGTGAGGTGTCGGCTTAAG
8890,ASV541,1-L,0.000894454,Abigail A. Salyers,Sous la langue,Bacteria,Actinobacteriota,Actinobacteria,Micrococcales,Unclassified_Micrococcales,Autres,GGTAGTCCACGCCGTAAACGATGAGTGCTAGGTGTTAGACCCTTTCCGGGGTTTAGTGCCGTAGCTAACGCATTAAGCACTCCGCCTGGGGAGTACGACCGCAAGGTTGAAACTCAAAGGAATTGACGGGGGCCCGCACAAGCGGCGGAGCATGCGGATTAATTCGATGCAACGCGAAGAACCTTACCAAGGCTTGACATATACTGGACCGCATCAGAGATGGTGTTTCCCTTCGGGGCTGGTATACAGGTGGTGCATGGTTGTCGTCAGCTCGTGTCGTGAGATGTTGGGTTAAG
9989,ASV6,1-L,0.008050089,Abigail A. Salyers,Sous la langue,Bacteria,Firmicutes,Bacilli,Staphylococcales,Gemellaceae,Gemella,GGTAGTCCACGCCGTAAACGATGAGTGCTAAGTGTTGGTCTCATAAGAGATCAGTGCTGCAGCTAACGCATTAAGCACTCCGCCTGGGGAGTACGACCGCAAGGTTGAAACTCAAAGGAATTGACGGGGACCCGCACAAGCGGTGGAGCATGTGGTTTAATTCGAAGCAACGCGAAGAACCTTACCAAGTCTTGACATACTGTGAGGACACAAGAGATTGTGTTGTTCTGACCTTTGGTTAGACACAGATACAGGTGGTGCATGGTTGTCGTCAGCTCGTGTCGTGAGATGTTGGGTTAAG
11022,ASV89,1-L,0.008050089,Abigail A. Salyers,Sous la langue,Bacteria,Bacteroidota,Bacteroidia,Bacteroidales,Prevotellaceae,Prevotella_7,GGTAGTCCGCACAGTAAACGATGGATGCCCGCTGTTGGTACCTGGTATCAGCGGCTAAGCGAAAGCATTAAGCATCCCACCTGGGGAGTACGCCGGCAACGGTGAAACTCAAAGGAATTGACGGGGGCCCGCACAAGCGGAGGAACATGTGGTTTAATTCGATGATACGCGAGGAACCTTACCCGGGCTTGAATTGCAGAGGAAGGATTTAGAGATAATGACGCCCTTCGGGGTCTCTGTGAAGGTGCTGCATGGTTGTCGTCAGCTCGTGCCGTGAGGTGTCGGCTTAAG
